Query,Last 28 days Clicks,Previous 28 days Clicks,Last 28 days Impressions,Previous 28 days Impressions,Last 28 days CTR,Previous 28 days CTR,Last 28 days Position,Previous 28 days Position
google analytics export more than 5000 rows,30,20,48,29,62.50%,68.97%,1,1
adapt partners,28,20,55,51,50.91%,39.22%,1.22,1.22
export more than 5000 rows google analytics,27,11,49,20,55.10%,55%,1.02,1
locomotive agency,24,4,383,130,6.27%,3.08%,3.8,5.52
locomotive agency apex,21,0,35,6,60%,0%,4.17,5
locomotive agency apex nc,20,10,35,22,57.14%,45.45%,3.57,4.05
locomotive seo,16,0,20,0,80%,0%,1,0
google analytics export all rows,13,12,39,25,33.33%,48%,2.36,2.4
google analytics export more than 5000,12,15,134,139,8.96%,10.79%,1,1
how to export more than 5000 rows in google analytics,9,10,33,30,27.27%,33.33%,2.12,2.2
google analytics export all data,6,3,139,123,4.32%,2.44%,7.69,8.23
seo agency,5,1,13518,6647,0.04%,0.02%,67.94,65.99
technical seo agency,4,0,711,791,0.56%,0%,50.44,54.91
adapt seo,3,0,14,9,21.43%,0%,1.79,1.78
how do i export more than 5000 rows in google analytics?,3,0,7,0,42.86%,0%,2.43,0
export from google analytics,2,0,16,8,12.50%,0%,8.94,9.75
export more than 5000 rows in google analytics,2,0,4,0,50%,0%,1,0
how to extract data from google analytics using python,2,0,4,0,50%,0%,23.75,0
best seo agency,1,0,1111,627,0.09%,0%,79.66,83.02
export google analytics data,1,1,413,365,0.24%,0.27%,11.36,12.53
technical seo factors,1,0,159,24,0.63%,0%,70.68,79.75
export data from google analytics,1,0,98,68,1.02%,0%,9.32,8.97
google analytics export data,1,0,85,97,1.18%,0%,8.98,10.15
google analytics data export,1,0,79,63,1.27%,0%,12.49,14.59
content agency,1,0,73,29,1.37%,0%,104.68,130.34
how to export data from google analytics,1,0,60,40,1.67%,0%,8.6,9.45
google search console api python,1,0,55,12,1.82%,0%,14.53,31.5
export google analytics,1,0,37,19,2.70%,0%,7.78,8.58
how to download data from google analytics,1,0,19,16,5.26%,0%,9.53,10.5
export all data from google analytics,1,1,18,16,5.56%,6.25%,7.94,8.5
download data from google analytics,1,2,18,14,5.56%,14.29%,10.11,10.93
link building agencies,1,0,12,0,8.33%,0%,44.25,0
seo results,1,0,12,0,8.33%,0%,67,0
google analytics export all pages,1,0,10,0,10%,0%,3.1,0
google search console to bigquery,1,0,9,6,11.11%,0%,13.33,24.5
extract google analytics data,1,0,4,3,25%,0%,14,11.33
technical seo,0,0,1738,924,0%,0%,57.18,54.07
seo partner,0,0,1710,1199,0%,0%,54.44,51.42
local seo agency,0,0,1448,952,0%,0%,76.07,76.9
seo agency software,0,0,1412,796,0%,0%,72.49,79.67
recommended seo companies,0,0,1135,971,0%,0%,40.53,53.79
adapt,0,0,1101,468,0%,0%,38.6,38.7
pay per click agency,0,0,940,261,0%,0%,71.18,69.25
agency seo software,0,0,876,248,0%,0%,65.96,63.24
seo agencies,0,0,807,502,0%,0%,73.67,77.69
google my business,0,0,706,267,0%,0%,80.64,81.13
seo partners,0,0,668,445,0%,0%,36.75,39.3
content strategy agency,0,0,641,65,0%,0%,83.62,81.54
google posts,0,0,618,344,0%,0%,32.26,37.14
seo careers,0,0,607,251,0%,0%,48.45,51.76
best seo software for agencies,0,0,556,221,0%,0%,76.77,78.7
moz enterprise seo,0,0,504,103,0%,0%,28.04,32.86
search engine rankings api,0,0,478,173,0%,0%,78.23,77.39
seo platform for agencies,0,0,465,210,0%,0%,75.87,71.78
crawlability issues,0,0,456,242,0%,0%,62.73,65.79
seo ranking api,0,0,431,143,0%,0%,80.68,81.71
google my business posts,0,0,402,329,0%,0%,33.77,40.09
analytics seo api,0,0,384,193,0%,0%,63.42,72.59
locomotive,0,0,379,109,0%,0%,63.96,73.65
enterprise seo agency software,0,0,378,231,0%,0%,50.59,54.15
link building agency,0,0,361,71,0%,0%,69.27,73.86
technical seo services,0,0,361,181,0%,0%,69.55,66.36
agency seo,0,0,361,227,0%,0%,75.31,70.35
technical seo issues,0,0,345,157,0%,0%,66.96,84.52
google analytics export,0,0,329,278,0%,0%,10.69,12.44
seo partnership,0,0,312,108,0%,0%,67.27,60.6
google analytics api,0,0,302,103,0%,0%,81.19,80.83
google search console api,0,0,289,80,0%,0%,28.51,86.72
seo migrationsplan,0,0,283,41,0%,0%,11.05,25.51
google seo api,0,0,275,109,0%,0%,73.39,78.35
technical seo company,0,0,271,140,0%,0%,67.25,74.46
seo forecasting,0,0,271,210,0%,0%,67.9,69.08
enterprise seo agencies,0,0,257,141,0%,0%,62.05,61
python seo,0,0,245,19,0%,0%,70.57,77.58
search marketing agency,0,0,237,81,0%,0%,100.12,122.37
google business,0,0,235,209,0%,0%,73.73,74.97
seo awards,0,0,232,98,0%,0%,51.95,55.3
my business google,0,0,227,8,0%,0%,61.97,60.75
seo api google,0,0,227,101,0%,0%,77.55,72.58
google analytics limitations,0,0,224,123,0%,0%,63.14,63.63
google analytics download,0,0,217,57,0%,0%,64.2,54.16
seo enterprise software,0,0,204,79,0%,0%,65.44,67.37
learn technical seo,0,0,201,122,0%,0%,65.44,69.11
benefits of setting up google my business listing,0,0,200,110,0%,0%,46.36,51.4
seo agency services,0,0,199,126,0%,0%,58.25,47.34
seo ranking services,0,0,197,14,0%,0%,188.68,184.21
enterprise search engine optimization agency,0,0,196,101,0%,0%,61.13,54.84
enterprise search engine optimization agencies,0,0,195,100,0%,0%,64.92,56.02
seo data,0,0,191,44,0%,0%,71.99,63.09
google analytics export full report,0,1,190,153,0%,0.65%,9.42,10.3
seo software for agency,0,0,190,96,0%,0%,77.96,80.91
agency analytics api,0,0,176,91,0%,0%,50.2,63.73
seo agency world,0,0,173,75,0%,0%,55.59,44.97
google analytics agency,0,0,170,75,0%,0%,76.65,84.97
seo analysis api,0,0,169,101,0%,0%,74.73,71.61
seo agency tools,0,0,169,31,0%,0%,77.81,72.29
seo experience,0,0,167,54,0%,0%,65.13,68.78
export raw data from google analytics,0,0,164,157,0%,0%,13.66,15.71
technical agency,0,0,163,79,0%,0%,65.71,63.34
google ranking api,0,0,162,57,0%,0%,78.28,72.81
seo companies,0,0,162,30,0%,0%,87.29,89.47
technical seo agencies,0,0,161,134,0%,0%,45.5,53.54
pay per click services,0,0,161,81,0%,0%,81.78,86.25
local seo,0,0,160,11,0%,0%,105.34,116.27
technical seo analysis,0,0,159,87,0%,0%,74.28,68.14
link and build,0,0,156,0,0%,0%,36.62,0
google business posts,0,0,155,137,0%,0%,32.25,41.88
export google analytics raw data,0,0,154,144,0%,0%,19.29,21.47
seo moz,0,0,154,0,0%,0%,68.9,0
google analytics data export api,0,0,149,162,0%,0%,18.42,25.14
moz business performance,0,0,148,0,0%,0%,38.53,0
more rows,0,0,147,89,0%,0%,67.57,60.11
search engine optimization agency,0,0,147,18,0%,0%,84.46,60.56
pay per click,0,0,146,45,0%,0%,67.88,77.78
technical seo consulting,0,0,145,80,0%,0%,56.06,58.92
software seo agency,0,0,144,83,0%,0%,50.2,40.17
best seo agencies,0,0,141,106,0%,0%,71.53,77.2
partner seo,0,0,138,113,0%,0%,64.8,58.12
google agency,0,0,138,86,0%,0%,79.2,82.06
seo csv reports,0,0,134,129,0%,0%,50.76,67.3
linkbuilding agency,0,0,134,68,0%,0%,57.93,69.28
seo for agencies,0,0,134,67,0%,0%,76.55,76.55
technical seo service,0,0,134,64,0%,0%,82.93,92.34
seo enterprise tools,0,0,133,42,0%,0%,70.08,72.83
seo partnerships,0,0,132,68,0%,0%,26.11,32.71
seo software enterprise,0,0,132,51,0%,0%,74.03,69.08
api google search console,0,0,131,37,0%,0%,34.86,93.19
software for seo agency,0,0,131,92,0%,0%,63.65,62.57
seo m&a,0,0,130,105,0%,0%,14.85,13.1
seo data api,0,0,130,5,0%,0%,87.05,94.6
seo forcasting,0,0,129,93,0%,0%,69.41,68.2
link building service,0,0,129,2,0%,0%,93.45,97.5
google analytics api excel,0,0,126,118,0%,0%,40.56,56.5
facebook seo google,0,0,123,58,0%,0%,64.01,63.52
ad agency case studies,0,0,123,0,0%,0%,82.98,0
google benefits,0,0,120,9,0%,0%,70.28,56.11
website migration while saving seo google,0,0,120,56,0%,0%,81.01,85.73
google analytics export data to excel,0,0,119,111,0%,0%,17.77,19.09
google my business agency,0,0,119,66,0%,0%,63.06,59.7
google page ranking api,0,0,119,57,0%,0%,74.78,79
google analytics export raw data,0,1,118,124,0%,0.81%,13.96,17.69
website ranking api,0,0,118,74,0%,0%,56.53,66.09
seo agency usa,0,0,118,78,0%,0%,88.79,84.27
best seo api,0,0,115,26,0%,0%,72.91,86.58
seo facebook,0,0,115,96,0%,0%,80.99,79.95
seo forecasting tool,0,0,114,25,0%,0%,70.96,83.24
seo tech,0,0,112,39,0%,0%,55.21,54.82
forecasting seo traffic,0,0,111,28,0%,0%,64.44,79.82
enterprise seo agency,0,0,111,42,0%,0%,68.63,55.21
migrating website to avoid seo issues google,0,0,110,73,0%,0%,68.56,63.53
disadvantages of seo,0,0,110,37,0%,0%,78.42,75.22
google console api,0,0,109,0,0%,0%,22.56,0
tech seo,0,0,109,76,0%,0%,43.96,50.7
search agency,0,0,108,63,0%,0%,38.08,19.7
what are google posts,0,0,108,84,0%,0%,47.06,59.57
seo enterprise,0,0,108,43,0%,0%,71.34,70.14
facebook seo,0,0,108,78,0%,0%,83.34,80.08
link building services,0,0,108,0,0%,0%,92.31,0
seo marketing agency,0,0,107,53,0%,0%,74.05,66.13
log analysis seo,0,0,107,7,0%,0%,81.74,84.57
seo analytics api,0,0,106,58,0%,0%,62.25,77.6
server log analysis seo,0,0,106,52,0%,0%,86.57,91.44
marketing seo agency,0,0,105,63,0%,0%,64.73,66.46
moz digital performance,0,0,105,0,0%,0%,70.87,0
quality link building services,0,0,104,0,0%,0%,70.84,0
seo search analytics,0,0,104,44,0%,0%,76.31,83.05
python for seo,0,0,103,6,0%,0%,73.58,74.17
how to export google analytics data,0,0,102,66,0%,0%,9.86,10.24
seo overall,0,0,101,163,0%,0%,67.48,76.6
gsc seo,0,0,100,52,0%,0%,62.54,61.54
benefits of using google,0,0,99,41,0%,0%,70.04,79.83
google business page tips,0,0,99,0,0%,0%,74.86,0
seo issues,0,0,97,36,0%,0%,74.65,73.56
online seo agency,0,0,95,50,0%,0%,74.65,67.84
local seo software,0,0,95,4,0%,0%,88.37,90.75
martin seo,0,0,94,26,0%,0%,52.48,40.5
linkbuilding,0,0,93,0,0%,0%,71.47,0
seo software for agencies,0,0,92,34,0%,0%,84.99,86.59
google developer console,0,0,91,11,0%,0%,54.03,89.18
moz technical seo,0,0,90,62,0%,0%,39.54,45.15
technical seo consultant,0,0,89,45,0%,0%,48.33,47.4
technical on site seo,0,0,88,84,0%,0%,35.86,41.89
technical seo issue,0,0,88,0,0%,0%,63.48,0
seo tools for agency companies,0,0,88,47,0%,0%,73.59,63.23
google attribution 360 api,0,0,86,52,0%,0%,52.4,60.48
the tool can be integrated with google search console. what will this,0,0,84,7,0%,0%,73.06,88.57
enterprise local seo,0,0,83,2,0%,0%,40.19,36
console api google,0,0,80,4,0%,0%,34.06,62.25
seo content agency,0,0,80,45,0%,0%,50.41,43.31
prophet search tool,0,0,79,36,0%,0%,61.37,65.75
technicalseo,0,0,78,35,0%,0%,79.58,71.97
link building,0,0,77,0,0%,0%,81.43,0
download moz,0,0,76,0,0%,0%,45.21,0
ga-queries,0,0,75,39,0%,0%,53.52,55.08
moz seo,0,0,75,0,0%,0%,88,0
seo api,0,0,73,28,0%,0%,74.15,72.5
services seo,0,0,73,33,0%,0%,130.97,166.88
small seo agency,0,0,71,28,0%,0%,53.38,67.29
google search data,0,0,71,62,0%,0%,58.99,55.95
seo partner company,0,0,70,41,0%,0%,40.67,52.41
google analytics api limits,0,0,70,27,0%,0%,66.33,79.22
us local seo,0,0,70,13,0%,0%,74.67,73.31
google posts seo,0,0,69,2,0%,0%,44.28,65
link building benefits,0,0,69,0,0%,0%,72.51,0
local seo agencies,0,0,69,24,0%,0%,75.58,87.71
award winning agency,0,0,69,16,0%,0%,77.01,88.62
search console api,0,0,67,26,0%,0%,33.33,83.96
seo for enterprise,0,0,67,34,0%,0%,67.94,66.44
enterprise seo firms,0,0,67,33,0%,0%,70.45,60.27
seo project management,0,0,67,0,0%,0%,82.21,0
seo marketing agencies,0,0,66,33,0%,0%,65.94,96.91
google analytics data,0,0,66,34,0%,0%,76.03,89.03
export google results,0,0,65,47,0%,0%,55.37,72.19
enterprise search engine optimization marketing company,0,0,65,38,0%,0%,66.55,54.16
technology seo,0,0,63,43,0%,0%,57.54,58.79
google analytics data import api,0,0,62,30,0%,0%,30.13,29.63
search optimisation agency,0,0,62,51,0%,0%,48.03,47.65
seo server,0,0,62,28,0%,0%,77.31,76.61
the best way to track performance for technical seo is metadata,0,0,61,25,0%,0%,40.85,48.4
broken link building,0,0,61,0,0%,0%,80.93,0
teknik seo,0,0,61,10,0%,0%,81.67,89.8
google analytics raw data,0,0,60,36,0%,0%,48.35,61.61
enterprise search engine optimization firms,0,0,60,27,0%,0%,60.13,49.3
the seo agency,0,0,60,25,0%,0%,73.35,75.2
facebook seo for google,0,0,60,55,0%,0%,81.63,80.71
seo download,0,0,60,0,0%,0%,83.5,0
bigquery console,0,0,59,10,0%,0%,50.95,54.3
seo website,0,0,59,51,0%,0%,70.51,75.12
import data to google analytics,0,0,58,60,0%,0%,32.59,45.18
technical seo companies,0,0,58,53,0%,0%,45.34,49.47
seo agency logo,0,0,58,26,0%,0%,67.1,59.46
python seo analyzer,0,0,58,10,0%,0%,70.4,59.3
seo and facebook,0,0,58,52,0%,0%,71.28,76.98
seo tech talk,0,0,58,11,0%,0%,84.22,88.45
"""technical seo"" -""job"" -""jobs"" -""manager""",0,0,57,10,0%,0%,37.56,39.7
disadvantages of using google search engine,0,0,57,57,0%,0%,46.72,58.72
link building analysis,0,0,57,0,0%,0%,61.3,0
seo services raleigh,0,0,57,22,0%,0%,68.96,73.5
3dcart seo,0,0,57,5,0%,0%,77.53,91.8
service seo,0,0,57,20,0%,0%,88.67,95.6
extract data from google analytics,0,0,56,43,0%,0%,19.48,21.63
local link building,0,0,56,0,0%,0%,82.55,0
working with technical seo,0,0,55,41,0%,0%,53.62,65.83
enterprise digital marketing agency,0,0,55,28,0%,0%,69.93,80.71
agency for local seo,0,0,55,27,0%,0%,84.78,81.3
3dcart competitors,0,0,54,33,0%,0%,53.57,60.18
seo agecy,0,0,54,24,0%,0%,72.78,73.88
seo speciālists,0,0,54,27,0%,0%,77.78,62.11
moz recommended seo companies,0,0,53,0,0%,0%,14.55,0
search console api query,0,0,53,24,0%,0%,45.77,92.5
google trust score,0,0,53,0,0%,0%,70.55,0
all in seo,0,0,53,0,0%,0%,73.75,0
adapt agency,0,0,52,45,0%,0%,17.29,22.49
seo rank api,0,0,52,16,0%,0%,81.31,78
gdpr and google analytics,0,0,52,0,0%,0%,86.15,0
download google analytics data,0,1,51,29,0%,3.45%,14.31,15.9
pull data from google analytics,0,0,51,50,0%,0%,32.8,50.5
organic search forecasting,0,0,51,6,0%,0%,71.53,43.33
adept seo,0,0,50,94,0%,0%,15.76,17.87
quality link building service,0,0,50,0,0%,0%,64.42,0
technical search engines,0,0,50,2,0%,0%,72.98,67.5
seo for enterprise companies,0,0,50,39,0%,0%,73.5,71.64
technical seo specialists,0,0,49,32,0%,0%,22.06,27.62
google analytics data retention,0,0,49,6,0%,0%,39.43,80.17
seo+csv+reports,0,0,49,88,0%,0%,43.55,69.72
google analytics download data,0,0,48,11,0%,0%,9.52,12.18
seo partner companies,0,0,48,18,0%,0%,40.27,51.17
seo optimization agency,0,0,48,11,0%,0%,121.17,151.45
google posts for business,0,0,47,39,0%,0%,32.64,42.13
seo we,0,0,47,11,0%,0%,64.47,87.27
seo management and analytics,0,0,47,49,0%,0%,84.13,85
google analytics api metrics,0,0,47,19,0%,0%,85,88.68
marketing agency services,0,0,47,15,0%,0%,105.62,71.67
google search data api,0,0,46,0,0%,0%,58.15,0
seo specialists,0,0,46,4,0%,0%,72.74,105.5
export all google analytics data,0,0,45,37,0%,0%,7.96,9.59
gtm agency,0,0,45,47,0%,0%,31.56,41.43
benefits of google my business,0,0,45,49,0%,0%,45.96,45.1
top seo agency,0,0,45,21,0%,0%,66.73,64.81
enterprise software for seo,0,0,45,19,0%,0%,91.27,92.58
partners agency,0,0,44,9,0%,0%,34.2,29
technology seo agency,0,0,44,25,0%,0%,44.34,80.96
top seo agencies,0,0,44,21,0%,0%,60.07,62.86
migrate website seo concerns,0,0,44,41,0%,0%,76.61,74.39
seo services for agencies,0,0,44,5,0%,0%,89.82,96.8
seo link data,0,0,43,26,0%,0%,51.65,47.62
seo technical seo,0,0,43,0,0%,0%,63.37,0
linkbuilding services,0,0,43,0,0%,0%,66.53,0
seo export,0,0,43,18,0%,0%,67,64
locomotiv basic,0,0,43,33,0%,0%,69.49,65.36
top seo firms,0,0,43,16,0%,0%,76.53,85.69
learn python for seo,0,0,43,0,0%,0%,79,0
wordpress agency partners,0,0,43,41,0%,0%,84.6,92.83
moz download,0,0,42,0,0%,0%,51.81,0
seo services agency,0,0,42,24,0%,0%,59.64,58.79
api google analytics,0,0,42,18,0%,0%,71.52,79.72
google analytics report for agency,0,0,42,20,0%,0%,73.31,67.55
custom link building,0,0,42,0,0%,0%,79.64,0
search console other,0,0,42,17,0%,0%,83.14,90.59
website agency,0,0,42,25,0%,0%,87.21,76.04
enterprise search marketing agency,0,0,41,57,0%,0%,26.12,51.91
google posts for my business,0,0,41,26,0%,0%,44.34,45.85
google search traffic,0,0,41,22,0%,0%,62.12,63.91
seo analysis position,0,0,41,19,0%,0%,69.46,55.84
why google posts,0,0,40,26,0%,0%,33.9,46.19
gae agency,0,0,40,20,0%,0%,49.98,46.6
backlink building agency,0,0,40,7,0%,0%,63.95,61.14
add data to google analytics,0,0,40,22,0%,0%,69,72.68
technical issues seo,0,0,40,0,0%,0%,69.72,0
technical seo elements,0,0,40,4,0%,0%,77.3,63.75
local seo benefits,0,0,40,0,0%,0%,92.8,0
talk agency,0,0,39,17,0%,0%,39.95,32.76
google analytics upload data,0,0,39,28,0%,0%,69.67,68.25
google analytics gdpr,0,0,39,0,0%,0%,82.64,0
iis seo tool,0,0,39,20,0%,0%,88.05,87.45
what is a query in google analytics,0,0,39,0,0%,0%,92.9,0
pay per click lead generation,0,0,39,13,0%,0%,96.92,96.62
how to translate customer service experience into seo job,0,0,38,0,0%,0%,63.74,0
google console,0,0,38,3,0%,0%,72.53,86.67
google analytics api custom reports,0,0,38,0,0%,0%,75.82,0
facebook prophet python,0,0,38,26,0%,0%,77.79,78.08
analytics agency,0,0,38,0,0%,0%,89.87,0
download google analytics report,0,0,37,31,0%,0%,16.76,24.77
google adapt,0,0,37,20,0%,0%,31.97,41.95
extract data from report,0,0,37,0,0%,0%,56.35,0
link building sites,0,0,37,0,0%,0%,66.89,0
lunch seo,0,0,37,15,0%,0%,68.95,61.47
enterprise search engine optimization firm,0,0,37,14,0%,0%,82.38,85.29
google analytics ranking,0,0,37,0,0%,0%,84.89,0
export analytics data,0,0,36,21,0%,0%,10.28,15.33
agency link building,0,0,36,0,0%,0%,54.31,0
google analytics data api,0,0,36,10,0%,0%,56.78,58.2
seo tech ltd,0,0,36,0,0%,0%,60.39,0
data seo,0,0,36,21,0%,0%,61.14,63.62
google my business process,0,0,36,0,0%,0%,83.56,0
enterprise tag management,0,0,36,20,0%,0%,87,88.8
seo opportunitiey partnerships,0,0,35,0,0%,0%,43.06,0
without compromising seo,0,0,35,0,0%,0%,47.6,0
top seo marketing companies,0,0,35,4,0%,0%,51.51,56.75
enterprise search engine optimization companies,0,0,35,21,0%,0%,63.29,60
google my business posts seo,0,0,35,17,0%,0%,77.91,85.65
robert padgett,0,0,34,8,0%,0%,9.53,26.38
what is better data on your server or using a api to access data fro seo,0,0,34,0,0%,0%,32.03,0
seo martin,0,0,34,15,0%,0%,41.12,40.67
crawl website,0,0,34,24,0%,0%,56.5,57.38
link building strategies,0,0,34,0,0%,0%,62.09,0
casino seo agency,0,0,34,0,0%,0%,74.53,0
how to do technical seo,0,0,34,13,0%,0%,79.03,79.38
seo monitoring app,0,0,34,30,0%,0%,86.71,92.6
seo checker python,0,0,34,0,0%,0%,91.91,0
google my business google posts,0,0,33,18,0%,0%,25.67,28.11
agency case study,0,0,33,0,0%,0%,53.88,0
facebook markup seo,0,0,33,0,0%,0%,56.21,0
google analytics api limitations,0,0,33,17,0%,0%,59.67,70.82
enterprise search engine optimization services,0,0,33,14,0%,0%,65.27,55.43
crawl depth seo,0,0,33,13,0%,0%,69.42,74
page analytics by google,0,0,33,16,0%,0%,78.3,73.94
google analytics raw data export,0,1,32,34,0%,2.94%,19.44,21.79
create a post on google my business,0,0,32,28,0%,0%,29.44,51.18
disadvantages to only using seo,0,0,32,0,0%,0%,45.91,0
google analytics экспорт данных,0,0,32,31,0%,0%,47.72,63.68
quality link building,0,0,32,2,0%,0%,48.25,118.5
seo monitoring application,0,0,32,21,0%,0%,58.09,56.29
how does telemedicine work with seo,0,0,32,0,0%,0%,60.47,0
local seo moz,0,0,32,2,0%,0%,62.94,46.5
server logs seo,0,0,32,23,0%,0%,65.28,76.13
seo rank data,0,0,32,20,0%,0%,65.66,65.6
seo work,0,0,32,0,0%,0%,79.69,0
gdpr google analytics,0,0,32,0,0%,0%,81.06,0
seo project managment,0,0,32,0,0%,0%,81.22,0
how to forecast website traffic,0,0,32,15,0%,0%,82.09,93.33
google my business post,0,0,31,17,0%,0%,37.94,45.53
form vs function in seo,0,0,31,0,0%,0%,46.1,0
google analytics excel plugin,0,0,31,20,0%,0%,58.68,66.75
facebook prophet,0,0,31,10,0%,0%,70.16,80.7
tag manager agency,0,0,31,42,0%,0%,84.71,75.88
agencies technical seo,0,0,30,34,0%,0%,22.07,30.88
seo python tools,0,0,30,28,0%,0%,32,52.29
high quality link building,0,0,30,0,0%,0%,34.5,0
cary seo consultant,0,0,30,30,0%,0%,41.93,59.33
www resolve seo,0,0,30,0,0%,0%,42.8,0
technical seo skills,0,0,30,22,0%,0%,49.2,65.36
view local seo services,0,0,30,11,0%,0%,52.53,55.55
seo management platforms,0,0,30,0,0%,0%,56.5,0
seo agency news,0,0,30,0,0%,0%,65.37,0
enterprise search engine optimization company,0,0,30,15,0%,0%,68.43,66.33
moz seo strategy,0,0,30,1,0%,0%,75.6,19
search engine ranking api,0,0,30,13,0%,0%,75.77,79.92
recommended seo software,0,0,30,12,0%,0%,77.67,82.83
technical search engine,0,0,30,10,0%,0%,79,79.7
google crawl website,0,0,30,31,0%,0%,82.2,88.16
crawlability problem,0,0,30,14,0%,0%,82.73,95.5
google post,0,0,29,24,0%,0%,25.62,35.12
cary seo consultants,0,0,29,27,0%,0%,34.17,53.63
google seo partners,0,0,29,0,0%,0%,62.76,0
data driven internal linking,0,0,29,0,0%,0%,63.72,0
what is api in seo,0,0,29,13,0%,0%,72.93,69.15
seo cary nc,0,0,29,0,0%,0%,77.45,0
how to forecast organic traffic,0,0,29,0,0%,0%,79.93,0
seo name,0,0,29,0,0%,0%,118.07,0
search engine position analysis,0,0,29,0,0%,0%,146.21,0
google posting,0,0,28,19,0%,0%,13.14,10.84
python analytics for seo,0,0,28,0,0%,0%,32.29,0
technical seo controller,0,0,28,30,0%,0%,32.86,34
agency for site tag implementation audit,0,0,28,0,0%,0%,36.36,0
google analytics api python,0,0,28,24,0%,0%,46,61.04
seo consultants cary nc,0,0,28,14,0%,0%,55.32,58.21
seo results report,0,0,28,0,0%,0%,59.29,0
website agency services,0,0,28,13,0%,0%,60.89,38.69
3dcart seo team,0,0,28,0,0%,0%,60.96,0
local seo partnership,0,0,28,15,0%,0%,61.11,63.8
partnership seo,0,0,28,12,0%,0%,62.39,63.42
cheirank algorithmus,0,0,28,29,0%,0%,62.71,68.66
best in class seo,0,0,28,8,0%,0%,62.79,85
enterprise seo software company,0,0,28,0,0%,0%,74.07,0
seo analytics report,0,0,28,0,0%,0%,90,0
search console,0,0,28,0,0%,0%,90.54,0
technical seo report,0,0,28,0,0%,0%,90.82,0
exporting data from google analytics,0,0,27,11,0%,0%,9.78,9.73
google search api python,0,0,27,4,0%,0%,24.81,57
google analytics query,0,0,27,3,0%,0%,46.15,61.67
seo recommendation,0,0,27,24,0%,0%,51.41,74.75
recommended seo agency,0,0,27,25,0%,0%,55.63,42.16
google big query agency,0,0,27,12,0%,0%,59.19,66.92
seo traffic analyze,0,0,27,18,0%,0%,63.74,63.39
rows,0,0,27,11,0%,0%,69.67,82
top seo agency services,0,0,27,20,0%,0%,79.78,64.3
google analytics reports for agency,0,0,27,16,0%,0%,80.44,80.12
seo industry report,0,0,27,0,0%,0%,85.3,0
top ten seo companies,0,0,27,7,0%,0%,85.81,88.14
seo panel,0,0,27,0,0%,0%,93.11,0
seo website migration,0,0,27,0,0%,0%,93.44,0
seo management team,0,0,26,2,0%,0%,46.19,93.5
forward seo,0,0,26,0,0%,0%,46.92,0
seo technical,0,0,26,2,0%,0%,74.27,80.5
google page rank api,0,0,26,13,0%,0%,79.54,80.54
seo link building services,0,0,26,0,0%,0%,79.65,0
3dcart seo experts,0,0,26,11,0%,0%,81,79.36
seo link building agency,0,0,26,0,0%,0%,82.08,0
digital marketing seo agency,0,0,26,0,0%,0%,89.42,0
google webmaster tools api,0,0,25,0,0%,0%,18.28,0
local seo reporting,0,0,25,0,0%,0%,71.6,0
local technical seo,0,0,25,7,0%,0%,72.2,92
find google analytics profile id,0,0,25,11,0%,0%,81.16,90.55
first contentful paint,0,0,25,2,0%,0%,88.08,102.5
what is technical seo,0,0,25,0,0%,0%,94.88,0
how to print google analytics report,0,0,24,6,0%,0%,10.42,18.33
search console api python,0,0,24,3,0%,0%,14.29,22
agency for gtm implementation audit,0,0,24,0,0%,0%,26.75,0
get data from google analytics,0,0,24,17,0%,0%,31.5,44.29
gtm implementation audit agency,0,0,24,0,0%,0%,40.08,0
seo agency 2019,0,0,24,51,0%,0%,53.29,65.47
my business,0,0,24,16,0%,0%,53.67,62.69
website link builder agency,0,0,24,0,0%,0%,58.83,0
seo monitoring service,0,0,24,27,0%,0%,62.88,64.85
google optimization analyze,0,0,24,20,0%,0%,70.38,77.75
google search engine analyze,0,0,24,17,0%,0%,72.12,70.29
google search console agency services,0,0,24,2,0%,0%,80.62,98.5
keyword ranking python,0,0,24,9,0%,0%,81,92.11
seo agency raleigh,0,0,24,1,0%,0%,82.04,23
crawl depth,0,0,24,0,0%,0%,82.88,0
technical seo consultants,0,0,24,2,0%,0%,91.83,99
linkbuilding voor agencies,0,0,23,23,0%,0%,42.09,59.48
agency for website tag implementation audit,0,0,23,0,0%,0%,48.09,0
google search agency,0,0,23,12,0%,0%,51.22,92.75
inbound link building company,0,0,23,0,0%,0%,51.83,0
award-winning agency,0,0,23,0,0%,0%,59.87,0
forecasting organic traffic,0,0,23,0,0%,0%,65.39,0
local seo agency strategy team,0,0,23,0,0%,0%,68.78,0
leading seo companies,0,0,23,10,0%,0%,73.26,70.5
agency seo tools,0,0,23,14,0%,0%,74.09,74.21
top seo agency 2019,0,0,23,0,0%,0%,74.91,0
search api app engine,0,0,23,0,0%,0%,77.91,0
get google serp api,0,0,23,0,0%,0%,78.43,0
locomotive software,0,0,23,8,0%,0%,80.83,71.12
export data google analytics,0,0,22,21,0%,0%,8.14,8.95
export google analytics report,0,0,22,17,0%,0%,9.32,10.59
how to download google analytics data,0,0,22,7,0%,0%,11.64,14.29
cheirank tool,0,0,22,0,0%,0%,31.68,0
gtm audit agency,0,0,22,0,0%,0%,54.82,0
seo carees,0,0,22,0,0%,0%,55.18,0
google for business,0,0,22,0,0%,0%,61.91,0
google seo agency,0,0,22,0,0%,0%,62.68,0
google data search,0,0,22,18,0%,0%,63.5,51.06
google posts will kill all seo,0,0,22,0,0%,0%,63.82,0
google security and seo,0,0,22,0,0%,0%,64.27,0
website rank api,0,0,22,15,0%,0%,64.27,52.2
seo analytics position,0,0,22,0,0%,0%,64.91,0
google cache seo,0,0,22,0,0%,0%,81.41,0
search rankings api,0,0,22,3,0%,0%,82.64,98.33
app crawling google,0,0,22,0,0%,0%,88.09,0
how to export all data from google analytics,0,0,21,23,0%,0%,7.57,8.61
google analytics export report,0,0,21,8,0%,0%,9.14,15.88
how to export all google analytics data,0,0,21,11,0%,0%,9.19,8.82
effective link building service,0,0,21,0,0%,0%,36.29,0
google business post,0,0,21,8,0%,0%,39.19,36.12
technical seo analyst,0,0,21,0,0%,0%,54.81,0
3dcart experts,0,0,21,0,0%,0%,60.9,0
google analytics profile id,0,0,21,19,0%,0%,61.48,89.32
google analytics agencies,0,0,21,0,0%,0%,65.24,0
advantage and disadvantage of google,0,0,21,9,0%,0%,68.33,59.44
the best explanation of technical seo,0,0,21,0,0%,0%,73.1,0
site architecture seo,0,0,21,14,0%,0%,73.24,70.29
seo north carolina,0,0,21,4,0%,0%,82.24,1
google analytics to excel,0,0,21,2,0%,0%,83.86,98.5
pay-per-click,0,0,21,11,0%,0%,85.81,83.55
facebook google seo,0,0,21,16,0%,0%,86.76,77.81
cary internet marketing agencies,0,0,21,13,0%,0%,95.71,91.46
print google analytics report,0,0,20,10,0%,0%,10.15,12.6
gae console,0,0,20,7,0%,0%,16.2,19.86
seo do site,0,0,20,0,0%,0%,43.1,0
top seo awards,0,0,20,0,0%,0%,47.15,0
seo agency life,0,0,20,0,0%,0%,50.25,0
effective link building,0,0,20,0,0%,0%,60.15,0
integration der google search consolen api,0,0,20,10,0%,0%,60.65,64.9
top seo companies in the world,0,0,20,3,0%,0%,63.25,88.33
tech seo agency,0,0,20,48,0%,0%,64.05,67.6
seo services link building,0,0,20,0,0%,0%,65.4,0
seo para site,0,0,20,12,0%,0%,72.2,72
google search engine traffic,0,0,20,20,0%,0%,77.35,83.8
seo google analysis,0,0,20,16,0%,0%,77.4,89.38
who we are seo,0,0,20,0,0%,0%,80.25,0
google seo validator,0,0,20,11,0%,0%,80.8,79.82
analytics seo team,0,0,20,0,0%,0%,83.7,0
localseosoftware,0,0,20,2,0%,0%,84.5,92
digital seo agency,0,0,20,4,0%,0%,86.85,72.75
seo experts,0,0,20,0,0%,0%,104.7,0
google analytics download all data,0,0,19,12,0%,0%,8.05,7.75
post to google my business,0,0,19,11,0%,0%,33.11,34.27
partenaires seo,0,0,19,16,0%,0%,43.11,60.94
seo moz google analytics implementation,0,0,19,0,0%,0%,44.21,0
high quality link building service,0,0,19,0,0%,0%,45.68,0
wordpress seo agency,0,0,19,14,0%,0%,51.79,44.93
google my business offer posts,0,0,19,15,0%,0%,56.74,51.4
google my business seo benefits,0,0,19,12,0%,0%,61.26,88.58
seo notebook,0,0,19,8,0%,0%,62.42,53.12
seo by moz,0,0,19,0,0%,0%,70.58,0
what is seo data,0,0,19,13,0%,0%,74.53,77.62
pay-per-click agency,0,0,19,0,0%,0%,75.79,0
seo for vets,0,0,19,0,0%,0%,83.58,0
why stopping seo is a bad idea,0,0,19,0,0%,0%,85.26,0
google analytics excel,0,0,19,2,0%,0%,87.63,81.5
google analytics website,0,0,19,13,0%,0%,98,104.46
how to download google analytics report,0,0,18,2,0%,0%,12.17,31.5
data analysis agency,0,0,18,0,0%,0%,42,0
google seo script,0,0,18,0,0%,0%,42.06,0
inbound link building service,0,0,18,0,0%,0%,42.39,0
the content agency,0,0,18,16,0%,0%,52.72,45.94
expiresdefault seo,0,0,18,0,0%,0%,62.72,0
best seo agency 2019,0,0,18,14,0%,0%,66.78,67.07
seo analyst part-time work from home,0,0,18,0,0%,0%,71.78,0
google site rankings,0,0,18,9,0%,0%,81.78,97.33
how to lower the seo you for facebook profile,0,0,18,0,0%,0%,85.56,0
seo local,0,0,18,0,0%,0%,89.33,0
brand implementation agency,0,0,18,2,0%,0%,91,98.5
google export,0,0,17,5,0%,0%,26.12,50
seo work report,0,0,17,0,0%,0%,39.12,0
5000 seo tools,0,0,17,0,0%,0%,51.06,0
marty martin,0,0,17,5,0%,0%,51.94,57.8
technical seo ideas,0,0,17,0,0%,0%,52.41,0
daily seo data,0,0,17,0,0%,0%,54.88,0
local seo in raleigh,0,0,17,0,0%,0%,56.06,0
https seo,0,0,17,0,0%,0%,59.94,0
seo analyst courses,0,0,17,14,0%,0%,61.12,66.36
crawl site,0,0,17,13,0%,0%,63.18,67.23
google my,0,0,17,4,0%,0%,64.18,63.25
website seo unable to connect,0,0,17,0,0%,0%,64.35,0
download google analytics,0,0,17,3,0%,0%,65.18,63
enterprise seo optimization company,0,0,17,10,0%,0%,65.29,61.7
enterprise seo marketing company,0,0,17,24,0%,0%,70.59,71.92
seo html analysis,0,0,17,14,0%,0%,74,75.79
seo technical analysis,0,0,17,13,0%,0%,74.35,76.77
north carolina seo,0,0,17,2,0%,0%,75.47,1.5
website monitoring advantages and disadvantages,0,0,17,14,0%,0%,77.59,88.21
locomotive app,0,0,17,2,0%,0%,83.47,62.5
nc seo,0,0,17,0,0%,0%,89.53,0
local seo vs organic seo,0,0,17,0,0%,0%,93.47,0
seo for facebook,0,0,17,5,0%,0%,95.71,96.2
google search console,0,0,17,0,0%,0%,105.65,0
export ga data,0,1,16,4,0%,25%,8.12,6.5
how to export google analytics report,0,0,16,14,0%,0%,8.56,10.36
posting on google,0,0,16,7,0%,0%,11.81,14
google analytics export data api,0,0,16,9,0%,0%,12.06,11.44
google console cloud,0,0,16,1,0%,0%,17.69,14
data from google analytics,0,0,16,10,0%,0%,27.94,27.3
agency for gtm audit,0,0,16,0,0%,0%,29.5,0
authority link building service,0,0,16,0,0%,0%,37.25,0
seo traffic performance,0,0,16,15,0%,0%,55.25,64.47
google analytics data import,0,0,16,7,0%,0%,59.12,57.86
seo award,0,0,16,1,0%,0%,64.88,20
google analytics api project,0,0,16,5,0%,0%,67.31,71.4
crawl page,0,0,16,14,0%,0%,71.38,66.79
brand authority agency,0,0,16,0,0%,0%,72.5,0
link building research,0,0,16,0,0%,0%,74.75,0
image geotag seo,0,0,16,19,0%,0%,75.06,82.53
tag seo facebook,0,0,16,0,0%,0%,78.75,0
agency content strategy,0,0,16,7,0%,0%,80.44,98.43
seo for technical sector,0,0,16,4,0%,0%,82.06,77.75
enterprise search engine optimization platform,0,0,16,13,0%,0%,83.12,79.77
local seo marketing company,0,0,16,0,0%,0%,87.56,0
local agency,0,0,16,0,0%,0%,88.69,0
technical seo software,0,0,16,3,0%,0%,90.12,100.33
mentions linkbuilding,0,0,16,0,0%,0%,93.12,0
google bigquery console,0,0,15,0,0%,0%,31.2,0
api google analytics python,0,0,15,16,0%,0%,39.87,49.56
business posting,0,0,15,5,0%,0%,43.6,60.2
seo matters moz,0,0,15,0,0%,0%,47.47,0
enterprise seo companies,0,0,15,9,0%,0%,47.53,51
seo and click to expand content,0,0,15,0,0%,0%,55.6,0
website crawl,0,0,15,7,0%,0%,61.27,72.29
seo consulting pros,0,0,15,0,0%,0%,63.2,0
seo analyst means,0,0,15,22,0%,0%,65.2,71.5
python scripts for seo,0,0,15,13,0%,0%,65.33,73.69
www.seo.com,0,0,15,0,0%,0%,71.13,0
google search console app,0,0,15,2,0%,0%,74.07,89
agency for google search console,0,0,15,0,0%,0%,74.87,0
moz content audit,0,0,15,5,0%,0%,76.47,71.8
remote seo team,0,0,15,0,0%,0%,76.87,0
local seo advertising philadelphia,0,0,15,0,0%,0%,82.27,0
google search ranking api,0,0,15,13,0%,0%,84.07,78.62
seo crawl,0,0,15,11,0%,0%,85.4,89.18
prophet python,0,0,15,0,0%,0%,85.53,0
api seo apps data,0,0,15,6,0%,0%,85.73,97.33
technical optimization seo,0,0,15,0,0%,0%,85.93,0
links building service,0,0,15,0,0%,0%,87.33,0
seo agent,0,0,15,0,0%,0%,88.27,0
seo company seo,0,0,15,0,0%,0%,91.8,0
linkrisk.com review,0,0,15,0,0%,0%,94.4,0
linkbuilding service,0,0,15,0,0%,0%,116.73,0
seo migration plan,0,0,15,10,0%,0%,168.6,166.6
analytics export,0,0,14,9,0%,0%,9.36,14.78
exporting google analytics data,0,0,14,11,0%,0%,9.36,10
google analytics export api,0,0,14,12,0%,0%,12.64,14.92
google analytics api get page views,0,0,14,9,0%,0%,31.71,37.67
seo api services,0,1,14,7,0%,14.29%,32.43,33.57
posts on google,0,0,14,4,0%,0%,33.79,36
benefits of google,0,0,14,5,0%,0%,46.21,73.6
agency for ga implementation audit,0,0,14,0,0%,0%,47.79,0
google site validator,0,0,14,14,0%,0%,56.57,52.64
google business process,0,0,14,0,0%,0%,60.86,0
google website manager,0,0,14,5,0%,0%,65.57,68.8
seo services partner program,0,0,14,0,0%,0%,73.79,0
what is seo moz,0,0,14,0,0%,0%,76.14,0
seo multiple locations,0,0,14,4,0%,0%,77.14,79
seo consultant cary nc,0,0,14,0,0%,0%,80.79,0
seo with python,0,0,14,0,0%,0%,84.79,0
google seo pagination,0,0,14,0,0%,0%,90.21,0
search engine optimization website analysis app,0,0,14,13,0%,0%,90.29,91.77
seo agencies local,0,0,14,0,0%,0%,91.43,0
content strategy services,0,0,14,0,0%,0%,92.14,0
excel google analytics,0,0,14,0,0%,0%,94.79,0
seo platform cloud,0,0,14,3,0%,0%,145.14,134.33
site traffic tool,0,0,14,7,0%,0%,176.5,179.86
seo apex nc,0,0,13,15,0%,0%,1.08,1
how to download all data from google analytics,0,0,13,7,0%,0%,8.31,10.43
locomotive content,0,0,13,2,0%,0%,9.15,9
google search console python,0,0,13,2,0%,0%,16.46,21
google app engine console,0,0,13,0,0%,0%,20.62,0
analytics data retention,0,0,13,0,0%,0%,42.31,0
cheirank seo,0,0,13,2,0%,0%,42.69,46
topical content strategy,0,0,13,27,0%,0%,50,62.07
local seo agency raleigh,0,0,13,19,0%,0%,52.85,76.47
google search console agency,0,0,13,0,0%,0%,56.15,0
technical seo services agency,0,0,13,2,0%,0%,56.92,54
google archives,0,0,13,5,0%,0%,58.15,42.4
enjoy agency,0,0,13,6,0%,0%,61.85,30.67
seo python,0,0,13,9,0%,0%,65.15,76.89
google data retention,0,0,13,0,0%,0%,66.62,0
moz reports if this then that,0,0,13,0,0%,0%,66.92,0
google seo agency partners,0,0,13,0,0%,0%,68.62,0
seo-agency,0,0,13,0,0%,0%,73,0
bright seo,0,0,13,0,0%,0%,75.31,0
google analytics limits,0,0,13,7,0%,0%,75.46,78
post google my business,0,0,13,4,0%,0%,82.69,57.75
why is technical seo important,0,0,13,0,0%,0%,88.31,0
google analytics for twitter profile,0,0,13,14,0%,0%,88.92,83.14
avoid landing page redirects,0,0,13,4,0%,0%,92.85,91.5
limitations of google analytics,0,0,13,3,0%,0%,94.69,87
local seo raleigh,0,0,13,2,0%,0%,97.38,101
technical seo wordpress,0,0,13,0,0%,0%,98.31,0
seo report api,0,0,13,0,0%,0%,110.69,0
google analytics export csv,0,1,12,8,0%,12.50%,7.83,8.62
google analytics api export,0,0,12,2,0%,0%,8.17,17
google analytics api pagination,0,1,12,9,0%,11.11%,8.83,8.56
how to download report from google analytics,0,0,12,3,0%,0%,9.67,20
how to export google analytics data to excel,0,0,12,4,0%,0%,10.42,13.5
google analytics download raw data,0,0,12,3,0%,0%,12.17,14.33
export google analytics data to excel,0,0,12,11,0%,0%,14.25,16.09
google analytics api query,0,0,12,5,0%,0%,25.5,18.8
benefits of link building,0,0,12,0,0%,0%,30.33,0
seo talk,0,0,12,18,0%,0%,37.42,50.83
adapt marketing,0,0,12,5,0%,0%,48.83,49.6
google analytics yearly report,0,0,12,5,0%,0%,49.25,47
agency one,0,0,12,0,0%,0%,51.08,0
locomotive logo,0,0,12,8,0%,0%,54.67,4.75
link building ideas,0,0,12,0,0%,0%,55.67,0
best seo analytics,0,0,12,0,0%,0%,56.75,0
agency services,0,0,12,10,0%,0%,57.17,55.8
agency analytics,0,0,12,0,0%,0%,57.75,0
python and seo,0,0,12,4,0%,0%,67,89.75
google api ranking,0,0,12,13,0%,0%,67.92,65.38
gtm seo,0,0,12,9,0%,0%,68.25,47.33
backlink building service,0,0,12,0,0%,0%,70.58,0
google web traffic,0,0,12,15,0%,0%,71.25,39.27
site crawl,0,0,12,7,0%,0%,71.5,66.71
website ranking,0,0,12,6,0%,0%,74.67,86.33
search engine optimisation companies,0,0,12,5,0%,0%,82.67,79.4
pay per click agencies,0,0,12,5,0%,0%,84.5,78
retail local seo,0,0,12,0,0%,0%,84.92,0
3dcart seo review,0,0,12,0,0%,0%,85.83,0
award winning seo,0,0,12,3,0%,0%,85.92,85.67
google search engine analysis,0,0,12,2,0%,0%,87.83,100.5
local seo companies,0,0,12,4,0%,0%,96.75,47.5
local seo report,0,0,12,0,0%,0%,97.08,0
google analytics output,0,0,11,12,0%,0%,13.82,21.33
posts google,0,0,11,2,0%,0%,20.82,11.5
locomotive brand,0,0,11,9,0%,0%,24,22.44
agency for google analytics check,0,0,11,0,0%,0%,34.82,0
google my business posting,0,0,11,2,0%,0%,39.73,98
technical seo articles,0,0,11,4,0%,0%,40.36,41.75
site tag implementation audit agency,0,0,11,0,0%,0%,42,0
trust score website,0,0,11,0,0%,0%,46.18,0
leading seo agency,0,0,11,12,0%,0%,47.27,33.17
seo benefits of a table moz,0,0,11,0,0%,0%,49.27,0
google search terms api,0,0,11,0,0%,0%,52,0
google search console agency tools,0,0,11,0,0%,0%,52.09,0
google analytic api,0,0,11,5,0%,0%,60.73,63.8
"seomoz ""seo strategy""",0,0,11,0,0%,0%,63.73,0
seo traffic tracking,0,0,11,3,0%,0%,65.27,86
link building for agency,0,0,11,0,0%,0%,71.45,0
semantic analysis wordpress,0,0,11,4,0%,0%,73.82,89.75
link building process,0,0,11,0,0%,0%,76.27,0
3d cart seo,0,0,11,0,0%,0%,80.36,0
basics of python seo,0,0,11,0,0%,0%,81.64,0
traffic prediction,0,0,11,0,0%,0%,82.36,0
seo data analysis,0,0,11,0,0%,0%,83.36,0
google analytics agency account,0,0,11,14,0%,0%,86.55,87.07
search optimization analytics,0,0,11,0,0%,0%,86.64,0
deeper search than google,0,0,11,0,0%,0%,88.09,0
best seo companies,0,0,11,2,0%,0%,89.82,106.5
search engine optimization advantages and disadvantages,0,0,11,2,0%,0%,94.91,97.5
api for google rankings,0,0,11,0,0%,0%,95.36,0
long term seo,0,0,11,0,0%,0%,96.27,0
cary internet marketing agency,0,0,11,11,0%,0%,97.82,95.45
local seo service,0,0,11,4,0%,0%,141.45,137.5
locomotive digital,0,0,10,0,0%,0%,8,0
download analytics data,0,0,10,1,0%,0%,10.9,9
google cloud search console,0,0,10,0,0%,0%,16.9,0
google analytics export to excel,0,0,10,12,0%,0%,19.9,25.75
100000 max data google excel,0,0,10,0,0%,0%,28.7,0
locomotive tools,0,0,10,2,0%,0%,34.1,59.5
console developer google,0,0,10,0,0%,0%,34.4,0
more local,0,0,10,3,0%,0%,43,73
outreach link building service,0,0,10,0,0%,0%,45.5,0
chrome ux report,0,0,10,0,0%,0%,45.6,0
link building articles,0,0,10,0,0%,0%,46.6,0
google my business benefits,0,0,10,9,0%,0%,51,35.89
disadvantages of google,0,0,10,4,0%,0%,52.4,57.75
disadvantages of google search engine,0,0,10,4,0%,0%,55.5,69.75
technicalseo tool,0,0,10,4,0%,0%,56,51.75
google my business create a post,0,0,10,3,0%,0%,57.2,70
marketing implementation agency,0,0,10,1,0%,0%,63,38
agency for link building,0,0,10,0,0%,0%,67.6,0
gsc api,0,0,10,0,0%,0%,68.1,0
prophet tool,0,0,10,0,0%,0%,68.7,0
website optimisation agency,0,0,10,3,0%,0%,72.7,50
search console app,0,0,10,0,0%,0%,73.2,0
analyze seo traffic,0,0,10,11,0%,0%,74.7,73.09
seo full report,0,0,10,0,0%,0%,76.4,0
seo raleigh,0,0,10,0,0%,0%,77.6,0
google analytics partner agentur,0,0,10,0,0%,0%,78.1,0
advantages and disadvantages of seo,0,0,10,6,0%,0%,79.1,83.33
moz search,0,0,10,0,0%,0%,84.2,0
export google results to excel,0,0,10,2,0%,0%,84.4,78.5
pay per klik,0,0,10,0,0%,0%,85.2,0
internal link analysis,0,0,10,0,0%,0%,87.1,0
google listing,0,0,10,5,0%,0%,87.2,78.4
migrating website seo,0,0,10,4,0%,0%,88.5,94
google webmaster tools site speed,0,0,10,7,0%,0%,89.9,80
search console-daten integration,0,0,10,0,0%,0%,90.2,0
geogrpahic seo,0,0,10,0,0%,0%,90.7,0
facebook for seo,0,0,10,0,0%,0%,91.3,0
google tag manager agency,0,0,10,2,0%,0%,97.6,100
google analytics print report,0,0,9,10,0%,0%,8.78,13.4
google analytics extract raw data,0,0,9,11,0%,0%,14.78,18.64
python google search api,0,0,9,2,0%,0%,22.67,56.5
how to get data from google analytics,0,0,9,8,0%,0%,23.89,35.12
console cloud,0,0,9,0,0%,0%,25.89,0
my google posts,0,0,9,16,0%,0%,29.78,32.38
app engine console,0,0,9,1,0%,0%,30.11,31
technical seo moz,0,0,9,4,0%,0%,37.56,34
posting on google my business,0,0,9,2,0%,0%,38.67,37.5
agency,0,0,9,0,0%,0%,43.33,0
google analytics and local seo marketing,0,0,9,0,0%,0%,48.56,0
google analytics python,0,0,9,6,0%,0%,51,66.67
seo local results,0,0,9,1,0%,0%,52.67,40
tag manager search console,0,0,9,14,0%,0%,53,58.14
posts google my business,0,0,9,2,0%,0%,53.89,80
what are google posts?,0,0,9,6,0%,0%,56.11,70.5
google my business for agencies,0,0,9,5,0%,0%,56.44,68.2
analytics google api,0,0,9,0,0%,0%,57.78,0
google download data,0,0,9,4,0%,0%,58.33,76.75
analytics google com api,0,0,9,2,0%,0%,61.56,47
gdpr agency,0,0,9,0,0%,0%,62.44,0
wp seo agency,0,0,9,0,0%,0%,62.78,0
python prophet,0,0,9,0,0%,0%,63.89,0
disadvantages of using google,0,0,9,4,0%,0%,65.33,75
analytics other,0,0,9,0,0%,0%,66.67,0
agency for google tag manager audit,0,0,9,0,0%,0%,68,0
enterprise seo software,0,0,9,2,0%,0%,70.22,70
google analytics implementation audit agency,0,0,9,0,0%,0%,73.11,0
ga data analytics,0,0,9,4,0%,0%,73.89,83
seo parameters google,0,0,9,0,0%,0%,74,0
what is link building,0,0,9,0,0%,0%,76.44,0
technical seo optimization,0,0,9,2,0%,0%,77.56,82
google analytics user id gdpr,0,0,9,0,0%,0%,77.78,0
seo services,0,0,9,0,0%,0%,78,0
agency for tag manager audit,0,0,9,0,0%,0%,79.33,0
raleigh ppc agency,0,0,9,2,0%,0%,79.44,79.5
local seo articles,0,0,9,0,0%,0%,83,0
seo online report,0,0,9,0,0%,0%,83.89,0
seo page report,0,0,9,0,0%,0%,85.44,0
export all in one seo data,0,0,9,0,0%,0%,86.89,0
mozseo,0,0,9,0,0%,0%,86.89,0
seo security,0,0,9,3,0%,0%,88.33,83.33
on page seo moz,0,0,9,0,0%,0%,93.22,0
seo tools agency services,0,0,9,0,0%,0%,94.33,0
linkrisk review,0,0,9,0,0%,0%,96.11,0
googleanalytics excel,0,0,9,0,0%,0%,97,0
google analytics how to,0,0,9,0,0%,0%,128.67,0
cary seo,0,0,9,0,0%,0%,147.67,0
google analytics csv export,0,0,8,6,0%,0%,8.62,10
python google search console api,0,0,8,1,0%,0%,13.75,25
google analytics report download,0,0,8,6,0%,0%,19,30.5
compiling data from website database for seo,0,0,8,0,0%,0%,28.12,0
my business post,0,0,8,4,0%,0%,29.75,47.5
se o for you,0,0,8,0,0%,0%,30.88,0
my posts,0,0,8,1,0%,0%,36.62,8
broken link building service,0,0,8,0,0%,0%,36.75,0
effective link building services,0,0,8,0,0%,0%,36.75,0
post on google my business,0,0,8,3,0%,0%,37.5,58.67
google search website,0,0,8,3,0%,0%,38.25,61.33
website tag implementation audit agency,0,0,8,0,0%,0%,40.62,0
google analytics import data,0,0,8,3,0%,0%,43,47.33
agency for site tag audit,0,0,8,0,0%,0%,45.38,0
agency for website tag audit,0,0,8,0,0%,0%,45.62,0
agency for google tag manager implementation audit,0,0,8,0,0%,0%,45.88,0
seo marketing firm,0,0,8,37,0%,0%,46.12,60
seo graduate jobs,0,0,8,0,0%,0%,50.75,0
hello i want to have strong seo campaign,0,0,8,0,0%,0%,51.38,0
link building site,0,0,8,0,0%,0%,52.12,0
analytics profile id,0,0,8,2,0%,0%,52.5,27.5
agency for google analytics implementation audit,0,0,8,0,0%,0%,54.75,0
agency for website tech implementation audit,0,0,8,0,0%,0%,56.75,0
link agency,0,0,8,0,0%,0%,58.12,0
adapt logo,0,0,8,5,0%,0%,58.25,56.2
google analytics api dimensions,0,0,8,7,0%,0%,60.12,75
advantages of google search engine,0,0,8,2,0%,0%,60.88,67.5
what matters most in seo mox,0,0,8,0,0%,0%,65.12,0
content link building,0,0,8,0,0%,0%,65.88,0
google seo manager,0,0,8,12,0%,0%,67.88,68.5
enterprise seo company,0,0,8,5,0%,0%,71.62,79.6
google analytics 360 agency,0,0,8,0,0%,0%,72.12,0
database entries for seo,0,0,8,0,0%,0%,72.88,0
seo agency google,0,0,8,0,0%,0%,75.88,0
moz top 500,0,0,8,0,0%,0%,76,0
google search server,0,0,8,0,0%,0%,76.88,0
all about seo,0,0,8,0,0%,0%,78.5,0
api for seo software companies,0,0,8,0,0%,0%,79,0
ad agency case study,0,0,8,0,0%,0%,79.25,0
seo strategy agency,0,0,8,2,0%,0%,83.25,94
seo changes,0,0,8,0,0%,0%,84.25,0
google analytics api authentication,0,0,8,2,0%,0%,85.5,58
google keywords database,0,0,8,6,0%,0%,89.12,95
create google console account,0,0,8,0,0%,0%,90.75,0
amanda marty,0,0,8,0,0%,0%,91.12,0
facebook and seo,0,0,8,3,0%,0%,93.38,90.33
webmaster tools site health,0,0,8,3,0%,0%,93.88,86
implementation services,0,0,8,2,0%,0%,96.5,48
results from webmasters,0,0,8,0,0%,0%,98.88,0
search engine optimization specialists,0,0,8,2,0%,0%,119.12,42
how to export report from google analytics,0,0,7,10,0%,0%,8.14,9.3
lets link and build,0,0,7,0,0%,0%,9.43,0
moz partners,0,0,7,4,0%,0%,9.86,15.5
console developers google,0,0,7,0,0%,0%,25.43,0
google business agency,0,0,7,4,0%,0%,26.29,20.75
google tag manager security risks,0,0,7,11,0%,0%,26.71,25.27
link building short cuts,0,0,7,0,0%,0%,30.14,0
"save your rankings when launching a new site with a content migration 
strategy",0,0,7,121,0%,0%,30.86,58.07
googlesearch python,0,0,7,4,0%,0%,38.29,57.25
python google analytics,0,0,7,9,0%,0%,38.43,69.67
python google analytics api,0,0,7,0,0%,0%,40.14,0
google analytics python api,0,0,7,0,0%,0%,43.43,0
disadvantages of google analytics,0,0,7,4,0%,0%,44.29,43
link building for agencies,0,0,7,0,0%,0%,45.14,0
agency case studies,0,0,7,0,0%,0%,49.43,0
website trust score,0,0,7,0,0%,0%,51.86,0
how to export,0,0,7,0,0%,0%,54.71,0
brand new locomotive,0,0,7,0,0%,0%,56.14,0
how to post on google my business,0,0,7,0,0%,0%,56.43,0
marketing agency reporting,0,0,7,0,0%,0%,56.43,0
python seo tools,0,0,7,0,0%,0%,57,0
go seo,0,0,7,0,0%,0%,59.29,0
benefits of google business listing,0,0,7,5,0%,0%,61.14,66.6
linkable asset,0,0,7,0,0%,0%,61.29,0
site optimisation agency,0,0,7,0,0%,0%,61.29,0
google app engine search,0,0,7,0,0%,0%,64.43,0
ga implementation audit agency,0,0,7,0,0%,0%,65.29,0
seo pages,0,0,7,0,0%,0%,66.43,0
seo excel report,0,0,7,0,0%,0%,69,0
apex digital marketing,0,0,7,0,0%,0%,73.57,0
google analytics add on,0,0,7,6,0%,0%,73.57,53.17
project management seo,0,0,7,0,0%,0%,73.57,0
download web seo,0,0,7,0,0%,0%,73.86,0
seo link building service,0,0,7,0,0%,0%,75,0
site ranking analysis,0,0,7,0,0%,0%,76.14,0
google analytics 360 partners,0,0,7,0,0%,0%,76.43,0
mybusiness google,0,0,7,3,0%,0%,79.29,71.67
seo issue,0,0,7,0,0%,0%,79.57,0
tecnical seo,0,0,7,0,0%,0%,80.57,0
link building services for seo agencies,0,0,7,0,0%,0%,81.86,0
google search tool,0,0,7,0,0%,0%,83.29,0
mail log to google bigquery,0,0,7,0,0%,0%,84,0
gsc google,0,0,7,5,0%,0%,85.14,86
technical crawl audit,0,0,7,2,0%,0%,87,91
bigcommer to 3dcart,0,0,7,0,0%,0%,87.71,0
tool seo api,0,0,7,0,0%,0%,88.29,0
local marketing agency,0,0,7,1,0%,0%,89.86,41
enterprise seo consultants,0,0,7,3,0%,0%,90.43,84.33
advantages and disadvantages of google,0,0,7,3,0%,0%,91.14,80
chrome user experience report,0,0,7,0,0%,0%,91.29,0
best seo agency in the world,0,0,7,7,0%,0%,91.57,93.43
local seo logo,0,0,7,0,0%,0%,91.71,0
migrating site seo,0,0,7,3,0%,0%,97,98.67
careers in seo,0,0,7,0,0%,0%,98.86,0
keyword clustering tool,0,0,7,2,0%,0%,123.43,151
local seo consultants,0,0,7,2,0%,0%,138.14,136.5
search engine optimization software download,0,0,7,0,0%,0%,143,0
partners agencies,0,0,6,0,0%,0%,7.33,0
export analytics,0,0,6,7,0%,0%,8.83,8.86
locomotive web,0,0,6,0,0%,0%,9,0
search console to bigquery,0,0,6,2,0%,0%,9.17,24.5
moz agency,0,0,6,3,0%,0%,9.83,9.33
console cloud google,0,0,6,1,0%,0%,13.17,11
console.cloud.google,0,0,6,1,0%,0%,13.33,9
google analytics csv,0,0,6,5,0%,0%,16.33,14.8
export seo company,0,0,6,0,0%,0%,17.83,0
google search console api key,0,0,6,0,0%,0%,20.83,0
google search cons,0,0,6,12,0%,0%,22.67,23.42
seo,0,0,6,4,0%,0%,23.83,8.25
name agency,0,0,6,1,0%,0%,25.5,24
google search python,0,0,6,4,0%,0%,29.17,47.25
webmaster tools api,0,0,6,0,0%,0%,34.83,0
posts on google my business,0,0,6,2,0%,0%,36.33,34.5
tag manager implementation audit agency,0,0,6,0,0%,0%,37.33,0
prophet agency,0,0,6,3,0%,0%,41,76
python seo scripts,0,0,6,5,0%,0%,41.83,46.8
moz seo services,0,0,6,0,0%,0%,43.5,0
google seo partner,0,0,6,0,0%,0%,44.67,0
link building for website,0,0,6,0,0%,0%,46.17,0
data search google,0,0,6,0,0%,0%,46.83,0
data all result,0,0,6,5,0%,0%,47.67,59
premium link building services,0,0,6,0,0%,0%,48.67,0
forward agency,0,0,6,1,0%,0%,50.17,23
search console tag manager,0,0,6,14,0%,0%,50.17,61
career site content,0,0,6,0,0%,0%,52,0
apiclient.discovery,0,0,6,0,0%,0%,52.33,0
enterprise seo analytics,0,0,6,0,0%,0%,53.33,0
best seo firms,0,0,6,0,0%,0%,54,0
google search console api service account,0,0,6,2,0%,0%,54.5,99
google analytics reporting api python,0,0,6,2,0%,0%,55.33,85.5
reputable link building services,0,0,6,0,0%,0%,57.5,0
agency analysis,0,0,6,2,0%,0%,57.67,32.5
agency for tag manager implementation audit,0,0,6,0,0%,0%,60,0
export seo,0,0,6,0,0%,0%,60.17,0
seo marketing company,0,0,6,3,0%,0%,62.83,69.67
disadvantages of google my business,0,0,6,2,0%,0%,63.17,69
facebook webmaster tools,0,0,6,2,0%,0%,63.5,63
google prediction engine,0,0,6,3,0%,0%,65,65.67
seo content structure,0,0,6,2,0%,0%,65,67
htaccess for technical seo,0,0,6,7,0%,0%,67.17,66.14
back link building agency,0,0,6,0,0%,0%,67.5,0
what matters most in seo moxz,0,0,6,0,0%,0%,70.33,0
seo cak,0,0,6,6,0%,0%,71,75.67
us search awards,0,0,6,0,0%,0%,72.17,0
seo услуги,0,0,6,0,0%,0%,72.83,0
seo project timeline,0,0,6,0,0%,0%,73.83,0
best enterprise seo,0,0,6,0,0%,0%,74.33,0
simple google search,0,0,6,0,0%,0%,76.17,0
enterprise seo services,0,0,6,4,0%,0%,76.83,79.75
seo agency team structure,0,0,6,0,0%,0%,76.83,0
enterprise seo strategy,0,0,6,3,0%,0%,79,73
big seo companies,0,0,6,0,0%,0%,82.33,0
googlebot crawl analyse,0,0,6,0,0%,0%,82.83,0
google.analytics api,0,0,6,7,0%,0%,85.33,88.29
seo page analysis,0,0,6,9,0%,0%,86,93.56
seo onpage api,0,0,6,0,0%,0%,87.33,0
google analytics api example,0,0,6,0,0%,0%,87.67,0
seo for software companies,0,0,6,0,0%,0%,88.67,0
monitoring seo online google,0,0,6,0,0%,0%,88.83,0
analytics export all rows,0,6,0,13,0%,46.15%,0,2.08
jr oakes,0,2,0,15,0%,13.33%,0,10.73
recommended seo,0,0,0,15,0%,0%,0,52.8
cary seo companies,0,0,0,15,0%,0%,0,82.07
local seo เอเจนซี่,0,0,0,14,0%,0%,0,20.43
enterprise seo เอเจนซี่,0,0,0,14,0%,0%,0,41.79
recommended seo help,0,0,0,14,0%,0%,0,66.21
cary seo agency,0,0,0,14,0%,0%,0,72.93
cary seo agencies,0,0,0,14,0%,0%,0,73.14
google tag manager seo,0,0,0,13,0%,0%,0,57
data or datas,0,0,0,12,0%,0%,0,37
local maps seo,0,0,0,12,0%,0%,0,86.33
seo experts cary,0,0,0,12,0%,0%,0,93
"more than 5,000",0,0,0,11,0%,0%,0,48.55
more than 5000,0,0,0,11,0%,0%,0,68
seo agency cary nc,0,0,0,11,0%,0%,0,76.36
pandas google analytics,0,0,0,9,0%,0%,0,24.56
katie sommerfeld,0,0,0,8,0%,0%,0,8.25
api search console,0,0,0,8,0%,0%,0,73.88
crawl seo,0,0,0,8,0%,0%,0,83.5
award winning seo company,0,0,0,8,0%,0%,0,91.38
seo risks bad seo companies,0,0,0,8,0%,0%,0,96.12
best seo agency software,0,0,0,8,0%,0%,0,100.5
google analytics excel export,0,0,0,7,0%,0%,0,32.43
which of the following are important components of technical seo,0,0,0,7,0%,0%,0,53.71
import google analytics data,0,0,0,7,0%,0%,0,58.71
seo agnecy,0,0,0,7,0%,0%,0,60.43
safe seo services,0,0,0,7,0%,0%,0,73.86
technical seo with htaccess,0,0,0,7,0%,0%,0,82.29
seo of website,0,0,0,7,0%,0%,0,95
google analytics download report,0,0,0,6,0%,0%,0,15.67
seo agency website,0,0,0,6,0%,0%,0,33.33
recommended seo services,0,0,0,6,0%,0%,0,41
"""just seo""",0,0,0,6,0%,0%,0,41.5
facebook google search,0,0,0,6,0%,0%,0,55
crawl budget rank,0,0,0,6,0%,0%,0,64.17
google for my business,0,0,0,6,0%,0%,0,83.83
website seo agency,0,0,0,6,0%,0%,0,86.83
link building archives,0,0,0,6,0%,0%,0,87.17
google my business เอเจนซี่,0,0,0,6,0%,0%,0,90.5
download all google analytics data,0,0,0,5,0%,0%,0,9.2
can you export google analytics data to excel,0,0,0,5,0%,0%,0,12.4
how to extract data from google analytics to excel,0,0,0,5,0%,0%,0,15
posts in google my business,0,0,0,5,0%,0%,0,26.2
google cloud console,0,0,0,5,0%,0%,0,28.4
google analytics raw data api,0,0,0,5,0%,0%,0,32.6
data search,0,0,0,5,0%,0%,0,56.4
google analytics profile,0,0,0,5,0%,0%,0,56.6
seo connect,0,0,0,5,0%,0%,0,62
google my busines,0,0,0,5,0%,0%,0,73.4
seo agencies cary nc,0,0,0,5,0%,0%,0,86.6
webmaster agency,0,0,0,5,0%,0%,0,89
ranking seo web,0,0,0,5,0%,0%,0,167.6
internet marketing service,0,0,0,4,0%,0%,0,1
ga export,0,0,0,4,0%,0%,0,7.75
export report google analytics,0,0,0,4,0%,0%,0,8
export more,0,0,0,4,0%,0%,0,12.5
google analytics extract data,0,0,0,4,0%,0%,0,13.75
website traffic prediction,0,0,0,4,0%,0%,0,28.75
post on google business,0,0,0,4,0%,0%,0,29.5
brand new agency,0,0,0,4,0%,0%,0,34
recommend an seo company,0,0,0,4,0%,0%,0,41.75
google my business advantages,0,0,0,4,0%,0%,0,45.25
the benefit of google my business,0,0,0,4,0%,0%,0,47
google app engine bigquery,0,0,0,4,0%,0%,0,50.5
facebook search seo,0,0,0,4,0%,0%,0,53.25
google secure search analytics,0,0,0,4,0%,0%,0,54
local seo company,0,0,0,4,0%,0%,0,59
datas,0,0,0,4,0%,0%,0,60.75
bigquery rank,0,0,0,4,0%,0%,0,61
seo agency us,0,0,0,4,0%,0%,0,61.75
local seo marketing agency,0,0,0,4,0%,0%,0,64.25
python googlesearch,0,0,0,4,0%,0%,0,64.75
albert einstein careers,0,0,0,4,0%,0%,0,65.75
google analytics api to get data,0,0,0,4,0%,0%,0,67.5
from apiclient.discovery import build,0,0,0,4,0%,0%,0,70.5
data import google analytics,0,0,0,4,0%,0%,0,72
my google business,0,0,0,4,0%,0%,0,73.5
google analytics sheets add on,0,0,0,4,0%,0%,0,82.5
award winning seo agency,0,0,0,4,0%,0%,0,84
google mybusiness,0,0,0,4,0%,0%,0,86.75
google sites speed,0,0,0,4,0%,0%,0,91
"""content audit""",0,0,0,4,0%,0%,0,94.75
google analytics in google sheets,0,0,0,4,0%,0%,0,99.5
agency performance tool,0,0,0,4,0%,0%,0,166.25
how to extract data from google analytics,0,0,0,3,0%,0%,0,19.67
post in google my business,0,0,0,3,0%,0%,0,28
google + post,0,0,0,3,0%,0%,0,32
google cache analysis,0,0,0,3,0%,0%,0,34.67
big data how many rows,0,0,0,3,0%,0%,0,45.33
disadvantage of seo,0,0,0,3,0%,0%,0,47.67
google analytics table id,0,0,0,3,0%,0%,0,48.67
technical seo expert,0,0,0,3,0%,0%,0,49.33
google web console,0,0,0,3,0%,0%,0,54.67
partner marketing agency,0,0,0,3,0%,0%,0,54.67
marty agency,0,0,0,3,0%,0%,0,55.33
сео агентство,0,0,0,3,0%,0%,0,56.67
google data export,0,0,0,3,0%,0%,0,61
google.bussiness,0,0,0,3,0%,0%,0,64.33
python google analytics api example,0,0,0,3,0%,0%,0,64.67
data 5000,0,0,0,3,0%,0%,0,66
google analytics api reporting,0,0,0,3,0%,0%,0,66
using google analytics api,0,0,0,3,0%,0%,0,67.67
benefits at google,0,0,0,3,0%,0%,0,68.33
google my bussiness,0,0,0,3,0%,0%,0,77.33
google traffic prediction,0,0,0,3,0%,0%,0,80
seo enterprise edition,0,0,0,3,0%,0%,0,83
your google business,0,0,0,3,0%,0%,0,83.33
google my busienss,0,0,0,3,0%,0%,0,86
all about google analytics,0,0,0,3,0%,0%,0,87
seo validator,0,0,0,3,0%,0%,0,87
google analytics spreadsheet add-on,0,0,0,3,0%,0%,0,87.67
enable bigquery api,0,0,0,3,0%,0%,0,88
seo consultant raleigh,0,0,0,3,0%,0%,0,88.33
traffic prediction google,0,0,0,3,0%,0%,0,88.33
google analytics queries,0,0,0,3,0%,0%,0,92.67
google keyword ranking script,0,0,0,3,0%,0%,0,93.33
google analytics property,0,0,0,3,0%,0%,0,93.67
migrating new site seo,0,0,0,3,0%,0%,0,93.67
google page analytics,0,0,0,3,0%,0%,0,94
seo services cary,0,0,0,3,0%,0%,0,94.67
html validation seo,0,0,0,3,0%,0%,0,95.67
seoagency,0,0,0,3,0%,0%,0,98
first meaningful paint,0,0,0,3,0%,0%,0,102
export data from,0,0,0,3,0%,0%,0,160
internet marketing service near me,0,0,0,2,0%,0%,0,1
locomotiva logo,0,0,0,2,0%,0%,0,1
logo locomotive,0,0,0,2,0%,0%,0,1
christoph c. cemper,0,0,0,2,0%,0%,0,4
export all data google analytics,0,0,0,2,0%,0%,0,7
locomotive design agency,0,0,0,2,0%,0%,0,8
my archives google,0,0,0,2,0%,0%,0,8.5
how to download full google analytics report,0,0,0,2,0%,0%,0,9
top local agency,0,0,0,2,0%,0%,0,10
our agency,0,0,0,2,0%,0%,0,13
moz recommended,0,0,0,2,0%,0%,0,16
google business posting,0,0,0,2,0%,0%,0,17
get raw data from google analytics,0,0,0,2,0%,0%,0,18
search console bigquery,0,0,0,2,0%,0%,0,18
moz://a,0,0,0,2,0%,0%,0,19.5
import google analytics data from one account to another,0,0,0,2,0%,0%,0,22
search console python,0,0,0,2,0%,0%,0,22.5
import ga in python,0,0,0,2,0%,0%,0,23
extract data by google,0,0,0,2,0%,0%,0,23.5
adaot,0,0,0,2,0%,0%,0,26
google analytics api get data,0,0,0,2,0%,0%,0,26
the partners agency,0,0,0,2,0%,0%,0,28.5
google analytics api parameters,0,0,0,2,0%,0%,0,29
google api data,0,0,0,2,0%,0%,0,31.5
pip install ga,0,0,0,2,0%,0%,0,31.5
data server facebook,0,0,0,2,0%,0%,0,34
google export data,0,0,0,2,0%,0%,0,34
posts.google,0,0,0,2,0%,0%,0,35
benefits of google business,0,0,0,2,0%,0%,0,36.5
console bigquery,0,0,0,2,0%,0%,0,37
app engine bigquery,0,0,0,2,0%,0%,0,37.5
pd max rows,0,0,0,2,0%,0%,0,40
export data google,0,0,0,2,0%,0%,0,40.5
technical seo vs content seo,0,0,0,2,0%,0%,0,41
seo page facebook,0,0,0,2,0%,0%,0,42
we are agency,0,0,0,2,0%,0%,0,42
always adapt,0,0,0,2,0%,0%,0,43.5
locomotive marketing,0,0,0,2,0%,0%,0,44
google tag manager security risk,0,0,0,2,0%,0%,0,45
which seo agency,0,0,0,2,0%,0%,0,46
digital marketing agency recommendation,0,0,0,2,0%,0%,0,46.5
google.my,0,0,0,2,0%,0%,0,47
indexation site google,0,0,0,2,0%,0%,0,47
next page google analytics,0,0,0,2,0%,0%,0,47.5
colab limitations,0,0,0,2,0%,0%,0,50
google page validator,0,0,0,2,0%,0%,0,50
search google facebook,0,0,0,2,0%,0%,0,50
export google search results to csv,0,0,0,2,0%,0%,0,51.5
google post google my business,0,0,0,2,0%,0%,0,52.5
time export,0,0,0,2,0%,0%,0,52.5
locomotiv,0,0,0,2,0%,0%,0,53
google site traffic,0,0,0,2,0%,0%,0,53.5
google python notebook,0,0,0,2,0%,0%,0,54
google analytics get page views by url,0,0,0,2,0%,0%,0,54.5
google analytics other,0,0,0,2,0%,0%,0,54.5
agency operations software,0,0,0,2,0%,0%,0,55
google search engine server,0,0,0,2,0%,0%,0,55
new site seo,0,0,0,2,0%,0%,0,55
google analytics api dimensions limit,0,0,0,2,0%,0%,0,57.5
google analytics api pricing,0,0,0,2,0%,0%,0,57.5
nc marketing agency,0,0,0,2,0%,0%,0,57.5
python and google analytics,0,0,0,2,0%,0%,0,57.5
adpat,0,0,0,2,0%,0%,0,58
what is facebook prophet,0,0,0,2,0%,0%,0,58.5
google analyze website,0,0,0,2,0%,0%,0,59
google web server,0,0,0,2,0%,0%,0,60.5
technical seo ranking factors,0,0,0,2,0%,0%,0,61
benefits google,0,0,0,2,0%,0%,0,62.5
facebook webmaster tool,0,0,0,2,0%,0%,0,62.5
google analytics with python,0,0,0,2,0%,0%,0,63
google.business,0,0,0,2,0%,0%,0,63.5
how to get google analytics report,0,0,0,2,0%,0%,0,63.5
enterprise seosoftware,0,0,0,2,0%,0%,0,65
enterprise apex nc,0,0,0,2,0%,0%,0,65.5
gmb posting,0,0,0,2,0%,0%,0,65.5
google analytics plugin excel,0,0,0,2,0%,0%,0,66
google traffic forecast,0,0,0,2,0%,0%,0,66
locomotive structure,0,0,0,2,0%,0%,0,66
best way to track performance for technical seo,0,0,0,2,0%,0%,0,67
google core reporting api,0,0,0,2,0%,0%,0,67
import data google analytics,0,0,0,2,0%,0%,0,67
pandas max rows,0,0,0,2,0%,0%,0,67
enterprise technical services,0,0,0,2,0%,0%,0,70
google seo code,0,0,0,2,0%,0%,0,70
google server speed,0,0,0,2,0%,0%,0,70
advantages and disadvantages of google search engine,0,0,0,2,0%,0%,0,70.5
and data google,0,0,0,2,0%,0%,0,70.5
google prophet,0,0,0,2,0%,0%,0,71
google notebook python,0,0,0,2,0%,0%,0,71.5
marketing agency partner,0,0,0,2,0%,0%,0,71.5
bigquery demo,0,0,0,2,0%,0%,0,73
google analytics rate limit,0,0,0,2,0%,0%,0,73
add on google analytics,0,0,0,2,0%,0%,0,73.5
google analytics python example,0,0,0,2,0%,0%,0,73.5
seo traffic analytics,0,0,0,2,0%,0%,0,74.5
learn local seo,0,0,0,2,0%,0%,0,75
google analytics excel add in,0,0,0,2,0%,0%,0,75.5
locomotive js,0,0,0,2,0%,0%,0,76
how to download data from google,0,0,0,2,0%,0%,0,76.5
gsc account,0,0,0,2,0%,0%,0,77
gsc data,0,0,0,2,0%,0%,0,77
search console gtm,0,0,0,2,0%,0%,0,77
google analytics website ranking,0,0,0,2,0%,0%,0,78
seo com llc,0,0,0,2,0%,0%,0,78
advantages and disadvantages of google analytics,0,0,0,2,0%,0%,0,80
how to create a report in google analytics,0,0,0,2,0%,0%,0,80.5
python google analytics reporting api,0,0,0,2,0%,0%,0,80.5
digital marketing agency partnerships,0,0,0,2,0%,0%,0,81
seo monitoring system,0,0,0,2,0%,0%,0,82.5
create post in google my business,0,0,0,2,0%,0%,0,83
advantages and disadvantages of google pay,0,0,0,2,0%,0%,0,83.5
crawl budget optimization,0,0,0,2,0%,0%,0,83.5
seo forecast,0,0,0,2,0%,0%,0,83.5
seo google my business,0,0,0,2,0%,0%,0,83.5
download data from google,0,0,0,2,0%,0%,0,84.5
googlemy business,0,0,0,2,0%,0%,0,84.5
google speed search,0,0,0,2,0%,0%,0,85
google analytics api pageviews,0,0,0,2,0%,0%,0,86
google analytics seo tutorial,0,0,0,2,0%,0%,0,86.5
google speed rank,0,0,0,2,0%,0%,0,87
gsc in seo,0,0,0,2,0%,0%,0,87
gmb google,0,0,0,2,0%,0%,0,87.5
google analytics api demo,0,0,0,2,0%,0%,0,87.5
manage seo,0,0,0,2,0%,0%,0,87.5
seo cary,0,0,0,2,0%,0%,0,89
google analytics report api,0,0,0,2,0%,0%,0,89.5
local seo services nc,0,0,0,2,0%,0%,0,89.5
search console data studio,0,0,0,2,0%,0%,0,89.5
tool seo facebook,0,0,0,2,0%,0%,0,89.5
google my business adalah,0,0,0,2,0%,0%,0,91
link seo analytics,0,0,0,2,0%,0%,0,94.5
google sheets google analytics,0,0,0,2,0%,0%,0,95
crawled pages,0,0,0,2,0%,0%,0,96
google analytics spreadsheet add on,0,0,0,2,0%,0%,0,98.5
google analytics spreadsheet,0,0,0,2,0%,0%,0,99
software for seo agencies,0,0,0,2,0%,0%,0,100
seo website analysis,0,0,0,2,0%,0%,0,104
google analytics sample data,0,0,0,2,0%,0%,0,129.5
comeon offers,0,0,0,2,0%,0%,0,136
more than google,0,0,0,2,0%,0%,0,140
"engines work crawling,",0,0,0,2,0%,0%,0,141.5
seo agency vancouver,0,0,0,2,0%,0%,0,243.5
raleigh seo agency,0,0,0,1,0%,0%,0,1
agency local,0,0,0,1,0%,0%,0,4
internet service partners,0,0,0,1,0%,0%,0,6
adapr,0,0,0,1,0%,0%,0,7
as agency,0,0,0,1,0%,0%,0,7
cloud.google.console,0,0,0,1,0%,0%,0,8
locomotive website,0,0,0,1,0%,0%,0,9
adaapt,0,0,0,1,0%,0%,0,10
cloud google console,0,0,0,1,0%,0%,0,10
console google.com,0,0,0,1,0%,0%,0,10
google analytics api row limit,0,0,0,1,0%,0%,0,10
google data export api,0,0,0,1,0%,0%,0,10
locomotive team,0,0,0,1,0%,0%,0,10
posts.google.com,0,0,0,1,0%,0%,0,11
partners seo,0,0,0,1,0%,0%,0,12
website partners,0,0,0,1,0%,0%,0,13
local search agency,0,0,0,1,0%,0%,0,15
we agency,0,0,0,1,0%,0%,0,15
google analytics data download,0,0,0,1,0%,0%,0,17
web seo agency,0,0,0,1,0%,0%,0,18
are much more,0,0,0,1,0%,0%,0,19
data search website,0,0,0,1,0%,0%,0,19
adapt?,0,0,0,1,0%,0%,0,20
apapt,0,0,0,1,0%,0%,0,20
archives google,0,0,0,1,0%,0%,0,20
console.bigquery,0,0,0,1,0%,0%,0,20
posts in google,0,0,0,1,0%,0%,0,20
raw data from google analytics,0,0,0,1,0%,0%,0,21
site partners,0,0,0,1,0%,0%,0,21
posts with google,0,0,0,1,0%,0%,0,22
seo building site,0,0,0,1,0%,0%,0,22
"""agency""",0,0,0,1,0%,0%,0,23
post.google,0,0,0,1,0%,0%,0,23
wordpress filters tutorial,0,0,0,1,0%,0%,0,23
data datas,0,0,0,1,0%,0%,0,24
search data google,0,0,0,1,0%,0%,0,24
techical seo,0,0,0,1,0%,0%,0,24
meet our team seo,0,0,0,1,0%,0%,0,25
tagree agency,0,0,0,1,0%,0%,0,25
google search console python api,0,0,0,1,0%,0%,0,26
how do i post on google,0,0,0,1,0%,0%,0,26
no data google analytics,0,0,0,1,0%,0%,0,26
data-google-query-id,0,0,0,1,0%,0%,0,27
what are three benefits of using internal redirect tags?,0,0,0,1,0%,0%,0,27
google analytics data extraction,0,0,0,1,0%,0%,0,28
posting to google my business,0,0,0,1,0%,0%,0,29
google analytics python library,0,0,0,1,0%,0%,0,30
seo agency in selsey,0,0,0,1,0%,0%,0,30
winning agency,0,0,0,1,0%,0%,0,30
how to get raw data from google analytics,0,0,0,1,0%,0%,0,31
raleigh marketing firms,0,0,0,1,0%,0%,0,31
seo rock content,0,0,0,1,0%,0%,0,31
what are the benefits of google my business,0,0,0,1,0%,0%,0,31
agency name,0,0,0,1,0%,0%,0,32
developers google console,0,0,0,1,0%,0%,0,32
gdpr email retention,0,0,0,1,0%,0%,0,32
locomotiva,0,0,0,1,0%,0%,0,32
seo agency in us,0,0,0,1,0%,0%,0,32
seo industry,0,0,0,1,0%,0%,0,32
what is google posts,0,0,0,1,0%,0%,0,32
adapt services limited,0,0,0,1,0%,0%,0,33
google analytics 360 api,0,0,0,1,0%,0%,0,33
oauth2webserverflow,0,0,0,1,0%,0%,0,33
best connect agency,0,0,0,1,0%,0%,0,34
google analytics api get page views by url,0,0,0,1,0%,0%,0,34
google my post,0,0,0,1,0%,0%,0,34
prophet google,0,0,0,1,0%,0%,0,34
technicalseo.com,0,0,0,1,0%,0%,0,34
adapt research,0,0,0,1,0%,0%,0,36
marketing firms raleigh,0,0,0,1,0%,0%,0,36
python get google analytics data,0,0,0,1,0%,0%,0,36
google analytics disadvantages,0,0,0,1,0%,0%,0,37
local seo map,0,0,0,1,0%,0%,0,37
locomotiw,0,0,0,1,0%,0%,0,37
download data google,0,0,0,1,0%,0%,0,38
gae search api,0,0,0,1,0%,0%,0,38
google analytics page views by url,0,0,0,1,0%,0%,0,38
rock solid agency,0,0,0,1,0%,0%,0,38
google prediction search,0,0,0,1,0%,0%,0,39
google sites limitations,0,0,0,1,0%,0%,0,39
how to download google analytics,0,0,0,1,0%,0%,0,40
python api google analytics,0,0,0,1,0%,0%,0,40
seo can,0,0,0,1,0%,0%,0,40
connect excel to google analytics,0,0,0,1,0%,0%,0,41
loco motive,0,0,0,1,0%,0%,0,41
my google archives,0,0,0,1,0%,0%,0,41
pandas pagination,0,0,0,1,0%,0%,0,41
facebook services para que serve,0,0,0,1,0%,0%,0,42
facebook web crawler,0,0,0,1,0%,0%,0,42
google search crawler python,0,0,0,1,0%,0%,0,42
adapt website,0,0,0,1,0%,0%,0,43
agency google my business,0,0,0,1,0%,0%,0,43
bigquery rank example,0,0,0,1,0%,0%,0,43
google analytics python tutorial,0,0,0,1,0%,0%,0,43
prophet seasonality,0,0,0,1,0%,0%,0,43
adaptive seo agency,0,0,0,1,0%,0%,0,44
automatic google posts,0,0,0,1,0%,0%,0,44
